"UserID","Probability1"
3,0.691608648307018
4,0.729787820604628
10,0.476840556953705
14,0.365600779219485
16,0.434897662733011
23,0.441480514569116
29,0.690020354837337
33,0.512277873787907
37,0.584414822272222
45,0.585432417731722
47,0.744543511405035
54,0.334241846000295
55,0.623043122583549
60,0.414307874829252
68,0.705551898566418
79,0.597736657423578
90,0.810776400269454
93,0.409942847315082
98,0.584341931391424
101,0.688197283202254
107,0.767107499110026
109,0.370481408875758
113,0.672055846020164
116,0.419194000434612
118,0.288914394196525
119,0.659698132105266
120,0.831950185706138
126,0.668646236380467
131,0.872269905589397
134,0.903658678603376
135,0.620933844416265
137,0.808165679354198
139,0.191113012743976
140,0.561515870014044
141,0.836810264088385
142,0.418365949166874
152,0.687612176899811
162,0.623850712369471
164,0.74862182981949
168,0.723622580707863
172,0.56891090333066
173,0.400114269751982
176,0.920023811420629
179,0.770704665397342
181,0.73914100775999
182,0.162390750139376
183,0.292912131717568
186,0.78375040683003
189,0.62470989301643
192,0.351977695032915
193,0.669558458121997
194,0.838362072007994
196,0.26200752310736
197,0.852915491255761
198,0.263267964761069
201,0.559884283425364
204,0.616631402740986
205,0.489822369407918
210,0.752239198159897
213,0.59327874030341
216,0.431613018927981
221,0.637870410944748
234,0.036459713933958
237,0.518339170497101
241,0.505630718373716
246,0.274567179627191
258,0.911198645327425
261,0.131438690453902
262,0.645660186553754
271,0.357427206055228
279,0.805623822236096
280,0.599710727665119
288,0.41045034488416
291,0.393366268296719
296,0.140280797492499
301,0.642185754598119
305,0.0484392106046336
306,0.58730722086246
310,0.396483503740382
313,0.800756483749307
315,0.648741360238895
317,0.658870003760128
318,0.853073431759062
319,0.484481846350672
321,0.815419117068113
323,0.346122710553025
324,0.690975734441804
325,0.799970158540579
326,0.734737380711595
327,0.597257092456725
328,0.658772215763723
331,0.494293861526561
340,0.673151854120442
342,0.621917455647427
344,0.799869048204099
346,0.788476824691916
347,0.918134989448435
358,0.064000052086734
368,0.145054684964103
369,0.730091709929531
382,0.25317570299439
383,0.767148616779834
384,0.239489960620859
385,0.505655739308961
386,0.903882818368496
392,0.414426434908983
396,0.716674163504176
397,0.313955380428436
399,0.496485854642912
400,0.912190019287988
402,0.312067284325948
404,0.533989913604742
405,0.429509828661803
410,0.288123277042025
412,0.53609813951806
415,0.395287461520104
416,0.421363227097207
418,0.588408323404024
419,0.545271238817121
421,0.197286494638703
422,0.590567633810154
424,0.760470979248596
437,0.864720080719339
440,0.755856455885615
442,0.801805135413745
443,0.585863311371484
447,0.412290639946438
448,0.569963433912867
449,0.515830285165683
453,0.451947944587909
465,0.500805325249059
467,0.861665983491453
468,0.360235306292957
470,0.176042831915081
472,0.573907437797362
476,0.34892632825259
484,0.777193449068833
486,0.843316258216803
487,0.51600720868754
492,0.800862136700775
494,0.797411569019722
495,0.590436982394566
503,0.794960492907744
505,0.797102668672744
514,0.16791187558238
516,0.571912611285293
518,0.661152100650056
521,0.220540609898434
523,0.541948707814138
529,0.166043943888455
531,0.725697049542975
533,0.689592321072715
534,0.442709733180224
536,0.492519601477956
545,0.808833929290052
549,0.847204305528272
553,0.765083632460903
555,0.497971819307155
561,0.612273746996668
562,0.809984860844469
563,0.672862127227889
567,0.200040904360324
569,0.293757257870791
570,0.29038885410758
575,0.864648728235986
577,0.72450575248226
579,0.319409416171165
581,0.333982555013244
582,0.490588894351394
583,0.207839097474633
590,0.414663334557851
598,0.608140476309099
600,0.723451039943832
603,0.713451854988714
604,0.643714315284171
606,0.690589173108167
619,0.772407045082231
621,0.668639469802521
622,0.822745302624562
623,0.131843636947605
627,0.773224657076215
633,0.905638413711344
636,0.902695812061752
639,0.63451944678333
643,0.398378247863762
653,0.163864324650484
654,0.842747565871956
660,0.757280390667913
681,0.395876458616698
685,0.806872989724193
691,0.682164646291204
696,0.661239662148884
698,0.166043487370475
699,0.891334415588115
700,0.527864471900468
703,0.780637524777536
705,0.660025559859015
707,0.772519108804788
708,0.671368681008312
711,0.823242785443956
712,0.933249251051254
716,0.496488564796075
719,0.650850756052965
722,0.576665598814377
724,0.305975426981805
727,0.195950300101011
730,0.797547129789004
736,0.699212779480789
743,0.712410823757129
753,0.68891682680518
755,0.125414518877343
765,0.86087384875105
774,0.6846762668445
775,0.265214009050439
778,0.61839765720164
784,0.541403790125822
788,0.717930747600078
789,0.508594567096565
791,0.410513625590721
797,0.224529938069695
798,0.254703087165483
800,0.815679339568285
802,0.0967094220720999
807,0.30323619966821
810,0.949405148849188
811,0.431244563867016
820,0.803351376142007
821,0.650643781059504
822,0.66399668739816
823,0.793431892911494
824,0.763210005606912
826,0.127228916627593
828,0.439603637898446
831,0.162741744425622
832,0.192882476591748
833,0.175220404563129
834,0.387857654425562
837,0.435880113646909
838,0.822807309498549
841,0.685800388222769
843,0.69180404907244
844,0.436332923042725
850,0.911758968356019
853,0.68028071562476
855,0.267057253455888
856,0.610973337606715
860,0.200872605057644
864,0.176474333157654
868,0.757543599437913
875,0.420339287019394
876,0.211657326200537
877,0.761854105366093
879,0.568142803320053
889,0.765964851001884
890,0.519408189614435
894,0.190575789590133
896,0.380167603914692
897,0.701202442094154
904,0.186720615959864
905,0.649822886151267
907,0.282961330270653
909,0.108056674464206
913,0.559697385009746
925,0.141078930680009
926,0.284543087403759
927,0.468481996444371
928,0.249209460598855
931,0.517877102736013
932,0.871537601989429
934,0.261867317534672
935,0.529616294670451
939,0.302135536231467
941,0.338387558584825
942,0.0687584997052541
947,0.560047167615057
948,0.183958503281504
950,0.648025931373414
951,0.367770871566527
958,0.517284179911013
959,0.523693131246563
960,0.656009741913774
966,0.387175474751181
975,0.627770045618336
985,0.840876489527945
992,0.267802016931885
993,0.138760318920865
994,0.121504123672329
995,0.174527271793533
998,0.60968007369045
1001,0.867819866445522
1009,0.125885775743471
1011,0.256159158999038
1012,0.570526444453769
1013,0.487082897515669
1014,0.136246209901793
1028,0.697983557429987
1032,0.609754313089246
1033,0.863774188615357
1037,0.35515432344298
1051,0.606670215943125
1052,0.300883426863378
1055,0.496296569627977
1061,0.241964982914743
1067,0.526134924638299
1071,0.623648744641561
1073,0.856099196936425
1075,0.168632337073928
1077,0.232074155507736
1078,0.186006442363088
1081,0.394086817057573
1082,0.836901543526756
1088,0.827671495197005
1094,0.466937301774122
1100,0.36198067833236
1102,0.709814381013682
1103,0.434572552215396
1112,0.71063648739287
1114,0.783184904808709
1117,0.819381169087923
1118,0.805055693997575
1127,0.879867054138609
1130,0.818109903413883
1131,0.840823769231735
1132,0.617907448409238
1136,0.217692555646894
1139,0.537697275991139
1151,0.933634113513602
1152,0.805656678295525
1153,0.639226449257136
1155,0.7026078695815
1158,0.330741105253271
1161,0.917472589370793
1165,0.81337057304993
1166,0.303665030627528
1172,0.837179029173438
1173,0.257814903192441
1177,0.59083690723431
1178,0.496911479494847
1179,0.29898058066272
1180,0.297744964130181
1181,0.112690627370935
1182,0.666946227510326
1187,0.694802491884554
1190,0.911063385952617
1194,0.467455970898366
1197,0.293482460645975
1198,0.383030644858088
1203,0.546387684124132
1206,0.884297998287633
1208,0.477337980100695
1212,0.83155815023948
1214,0.816709318944048
1217,0.184574825269473
1220,0.584954247497159
1225,0.710602488785939
1232,0.624689245201079
1234,0.512193743593796
1241,0.643871401778974
1247,0.596629404306546
1250,0.308654699960997
1251,0.760070640730146
1255,0.924288608090215
1256,0.589002332266187
1260,0.74829352988662
1261,0.822186126635114
1266,0.870766634512921
1270,0.370093271691253
1272,0.617760030930922
1274,0.65584881758113
1288,0.597082030274983
1290,0.928266446722844
1291,0.833669509334044
1294,0.391215094190272
1295,0.465683928122479
1297,0.684021471829245
1300,0.735614374702615
1303,0.536873976248674
1306,0.770880846916414
1311,0.291258780498512
1315,0.153542298273214
1320,0.350362150837333
1324,0.837257982787473
1326,0.263170608165178
1335,0.836181865180661
1337,0.701396934775402
1339,0.228822561625913
1343,0.39311065328382
1345,0.768384322078344
1348,0.835243837027865
1350,0.155231896773789
1355,0.287999399681849
1357,0.592926486060447
1366,0.526549080305231
1371,0.64431663523314
1373,0.459515833722531
1376,0.559664019980558
1386,0.770602315834266
1387,0.533792521745638
1394,0.562813598778256
1397,0.0516738742876386
1400,0.545775894526625
1403,0.692017485177319
1405,0.548499950766354
1409,0.750063816132594
1412,0.45941228373456
1413,0.481866938005561
1416,0.597055098171931
1420,0.470099012702714
1421,0.740087651224937
1423,0.892249959673403
1440,0.818167007777082
1443,0.89142752059742
1445,0.503210788757875
1449,0.942054384955006
1451,0.380671339434303
1452,0.089656871766676
1457,0.368793990148638
1460,0.314972054613969
1463,0.111227308316394
1464,0.325333473600743
1466,0.505503286872258
1468,0.843987840611357
1469,0.827432825094911
1472,0.22291541452719
1473,0.909749630159577
1474,0.204510751851754
1475,0.363807760604259
1476,0.706842395453592
1477,0.504628037218254
1478,0.814631992748933
1479,0.866461066933301
1482,0.804100733561991
1485,0.357563098649981
1493,0.752242805863138
1499,0.876446648104254
1502,0.52998891766244
1503,0.460663089063384
1505,0.164233274864765
1507,0.800662962669817
1511,0.220837318995218
1516,0.855195269073368
1522,0.549562581999574
1543,0.527339778835293
1545,0.682301316579891
1548,0.901202951679833
1550,0.893945298943967
1552,0.369600900709914
1553,0.591918492740577
1558,0.683101207880175
1560,0.916331958370908
1562,0.764196757228184
1565,0.581640045503778
1566,0.211955246256735
1572,0.747813774133543
1576,0.350589356339549
1578,0.781443699669483
1582,0.356473187529924
1591,0.339365831715655
1592,0.0884870953429388
1593,0.891166497159161
1594,0.851640338613354
1602,0.252090842117707
1604,0.677791262133921
1605,0.676742757330559
1607,0.4819537367443
1617,0.861965706745769
1619,0.356513601403159
1621,0.943605028190817
1628,0.450694890176557
1630,0.494435756632787
1632,0.390218449514988
1633,0.320295101194499
1636,0.748616191397694
1647,0.329015719328484
1648,0.186174072779658
1657,0.145302368189765
1658,0.860357978929816
1667,0.285247815620153
1669,0.312914488098851
1684,0.147518002305008
1688,0.163693265631677
1689,0.622053688660242
1692,0.699458460499522
1694,0.315893761419812
1699,0.647621494551223
1703,0.409948411992433
1704,0.621199795333139
1707,0.182200393342456
1720,0.626309917418966
1727,0.231542075467268
1728,0.376225582447046
1729,0.823219903499457
1736,0.321595934850509
1737,0.88434247102827
1744,0.474915887206963
1746,0.547144959409217
1747,0.92908967475943
1751,0.734291296054389
1755,0.63850280260511
1760,0.491708598362662
1761,0.789751020107531
1762,0.835909783467388
1763,0.304044925090686
1764,0.319446948070369
1766,0.174444431035658
1776,0.870327075209094
1781,0.789254373864989
1787,0.652261551722603
1798,0.304589648257179
1801,0.801058678832482
1808,0.714145022299056
1811,0.349224326251698
1812,0.808791546777776
1813,0.463108314337111
1816,0.723978342800818
1817,0.271558693605595
1818,0.872611933772476
1823,0.490450804338091
1826,0.220814886213811
1828,0.502445826759236
1831,0.656294346023572
1833,0.746263597623752
1839,0.559373126825239
1847,0.270290468518321
1850,0.725188823327693
1855,0.739313779898956
1864,0.636009868412264
1866,0.135374233407092
1872,0.763530502980745
1874,0.800620537500621
1875,0.833568591376937
1886,0.310710230884541
1889,0.789573838265033
1894,0.898553561033863
1899,0.327500850509401
1902,0.813144218446992
1903,0.0735828882284559
1904,0.662132338431625
1908,0.244983235454497
1910,0.33194324651703
1912,0.556744165555122
1913,0.495787057035978
1921,0.123886229738897
1927,0.443693536607599
1928,0.720952383222203
1940,0.761944911769282
1943,0.431005203503168
1944,0.540474964558428
1947,0.615537738646318
1952,0.0843792999703172
1959,0.617135159318483
1964,0.629327386614191
1966,0.725597239890592
1969,0.665642369539788
1978,0.887236776305535
1980,0.528934897281863
1983,0.79635622109833
1988,0.21559097862543
1990,0.89091501064938
1995,0.603906184233355
1996,0.853533273551882
2001,0.881733184693561
2006,0.463790835379364
2007,0.422387868912333
2011,0.399270580438585
2020,0.471798887881814
2021,0.261845794457997
2022,0.541587065966864
2028,0.423577482206574
2034,0.466341951606513
2036,0.560488675887327
2037,0.774244703813624
2038,0.637029985139713
2045,0.443965232079428
2047,0.777144353644439
2052,0.747610172532219
2058,0.914709983476971
2061,0.32846256767074
2065,0.0958516165783978
2067,0.489129781364932
2068,0.730669860608058
2070,0.682067988863573
2071,0.743089721013572
2072,0.542319559157941
2075,0.818879859347711
2076,0.585672686693418
2084,0.35679390169196
2094,0.67690137124627
2095,0.301176750997784
2101,0.819365492959144
2104,0.0693381324312004
2112,0.874470994893831
2114,0.342740198005466
2117,0.773757219306151
2118,0.495146973827271
2123,0.704312857910619
2129,0.715980885474677
2131,0.373567252437841
2140,0.560363785222309
2141,0.457394655661289
2146,0.787802798762109
2147,0.468243349073607
2148,0.470029197715865
2151,0.814289742464703
2153,0.580435712559005
2156,0.745188171633443
2160,0.64411733403095
2177,0.532736548250841
2178,0.670316179063885
2188,0.492163723243254
2192,0.319755843832572
2198,0.486583833157342
2199,0.639854384133715
2203,0.627156182679317
2207,0.352899480183945
2210,0.684029332451405
2222,0.510021798295557
2227,0.633217498004277
2228,0.409225266732469
2230,0.807242639294829
2231,0.313834380240502
2236,0.325393059100813
2243,0.849373698343792
2244,0.736806126582509
2253,0.34381179172464
2256,0.560738023076791
2259,0.309895323472526
2263,0.823663377400342
2265,0.594859667249138
2267,0.766714946196358
2270,0.47421862731277
2272,0.632228243435933
2273,0.575850592029955
2276,0.679166147083327
2279,0.116446476648617
2281,0.544688606959765
2284,0.428194728678116
2285,0.474934689801399
2287,0.712967173801074
2292,0.880466159736191
2296,0.58900314530524
2298,0.786996114178298
2305,0.909750931291722
2306,0.740887917102361
2309,0.0633798068989789
2310,0.41080449776008
2312,0.249496395527233
2316,0.498232885747331
2319,0.63484080273817
2320,0.93349028643538
2326,0.516608932991483
2331,0.726715229124382
2335,0.7853455732407
2336,0.582375585568461
2341,0.57668205549771
2345,0.598070526333585
2346,0.400141117891499
2348,0.473146440105955
2352,0.839885256526822
2353,0.0607836829894675
2355,0.56641775576752
2359,0.693194067985695
2360,0.815980481782003
2371,0.455649609234189
2378,0.617851371905888
2381,0.669137381392923
2386,0.139946575759661
2390,0.224472724900234
2391,0.642135785352151
2392,0.793023415258452
2393,0.723780462687377
2398,0.567294427680224
2402,0.439144750982019
2404,0.849978213392262
2409,0.744169726517829
2410,0.924416892261423
2412,0.813757380949446
2417,0.743595213699913
2419,0.410634815248944
2422,0.633023435687069
2424,0.277210231648351
2430,0.676592988206622
2434,0.50178223604162
2441,0.246236274290075
2444,0.305533000824089
2449,0.672422458062333
2453,0.260116344060491
2455,0.412883151952447
2456,0.417950492900656
2462,0.814976114060949
2464,0.679720071208771
2465,0.569812275361911
2466,0.390903425870237
2468,0.652771093803027
2469,0.590623339884477
2470,0.398768554747084
2474,0.710236628440856
2479,0.706324631212174
2480,0.78308162896672
2483,0.847074968070624
2485,0.462251899928509
2486,0.740160701014545
2496,0.469931454227742
2497,0.926277578250697
2498,0.620680557418565
2509,0.614936539578495
2511,0.847061285190488
2513,0.953303933419189
2516,0.195270391081139
2523,0.800066413048285
2525,0.470368375480242
2527,0.560729954552083
2528,0.391093418681988
2533,0.440956807946799
2540,0.601909045496148
2543,0.487033093339977
2544,0.905817853867766
2549,0.63514999727618
2551,0.832859835456382
2558,0.28914815414858
2572,0.428520185893161
2573,0.906870096571724
2574,0.619361198362818
2576,0.465484231360149
2579,0.246411276585883
2584,0.816403180015787
2589,0.722530747933351
2597,0.856643245406163
2599,0.271855507587939
2605,0.635616282694857
2608,0.70935551309226
2614,0.111604694862712
2619,0.439976768225966
2622,0.284218960112888
2623,0.479545948062697
2624,0.892286008281261
2625,0.305820988894537
2640,0.75996382341934
2642,0.330984053515544
2646,0.11808677112247
2649,0.556871492220522
2662,0.650131278319267
2663,0.421857864644518
2664,0.700785867517323
2671,0.659168895593904
2677,0.383100456101206
2679,0.793187066362265
2683,0.853444471848129
2685,0.642939675652359
2694,0.590880084215874
2697,0.737518879404758
2700,0.767352851996683
2706,0.779197415567775
2710,0.359453151637289
2719,0.729874624501315
2731,0.800197801769247
2734,0.571503157671712
2736,0.557529282134351
2745,0.857036174757816
2746,0.211152776075097
2750,0.733878710141965
2755,0.411315130051738
2757,0.817961627473577
2776,0.503193452850055
2787,0.410569720741783
2788,0.776760269927101
2789,0.886880951917614
2791,0.676580790430904
2793,0.270089842380271
2795,0.489141661257611
2800,0.676136630162228
2801,0.408454518201333
2806,0.912232628999624
2808,0.385843621076335
2813,0.506595659269178
2814,0.789682305417086
2819,0.656603415483471
2820,0.63827031491728
2823,0.397967254643215
2830,0.537100869597011
2832,0.583811224404825
2838,0.474010011422349
2839,0.169968318547074
2845,0.766797501006346
2846,0.462913265172896
2856,0.581929550348688
2858,0.675673155889028
2860,0.705601697783771
2864,0.0915475627064706
2866,0.84541958119031
2871,0.777288499871867
2875,0.359017506278246
2882,0.0967307337936247
2891,0.421077505028165
2892,0.897498946133719
2898,0.302051758496069
2900,0.255710062297647
2907,0.886331704945521
2915,0.493225818416937
2917,0.471921606860194
2926,0.333167171293316
2928,0.48917367349939
2932,0.666960922863852
2950,0.671788991315039
2958,0.818454332629713
2967,0.691452932893504
2982,0.607821814224515
2983,0.48799223400005
2994,0.517270358612082
2997,0.529220733886094
3013,0.567704718285844
3016,0.812801366043584
3026,0.516775051228273
3031,0.520726254671966
3032,0.807890875709834
3041,0.366663474032535
3045,0.704846787507321
3050,0.284517580259184
3057,0.336796456613769
3060,0.510542368738804
3061,0.794851126431093
3064,0.7162434530309
3065,0.262073307834811
3068,0.444589748360331
3082,0.741069122882464
3094,0.7633547814629
3095,0.331923430001592
3096,0.256329864479541
3098,0.539633721951425
3103,0.798499729945833
3108,0.684717670950281
3117,0.604237277336362
3118,0.869013438286234
3127,0.434874884777648
3129,0.479446254609579
3131,0.444120710653851
3134,0.512093742797259
3136,0.875533059232465
3139,0.189851318963363
3142,0.859595595337054
3147,0.427752637148295
3154,0.473541726014188
3156,0.499384606778717
3159,0.771661333762216
3163,0.719216307258498
3166,0.766221340405359
3172,0.938181354648253
3173,0.741960970861269
3178,0.530510863747385
3180,0.311785905567382
3185,0.729655231178412
3187,0.11835909475428
3189,0.6355604682611
3193,0.70713295878998
3194,0.944153831835513
3195,0.807770109811718
3198,0.880689771401743
3205,0.139810873828645
3207,0.493990212399672
3208,0.632133755773576
3213,0.340763468283354
3214,0.756899581178934
3215,0.486650177250427
3225,0.388049753537592
3227,0.369500789500789
3232,0.602632178748396
3244,0.955517322181922
3246,0.464657367433725
3248,0.439276325812645
3252,0.585145069566964
3255,0.258313531844768
3263,0.483878934680457
3265,0.448755830134499
3274,0.847344696186404
3287,0.750894929975209
3296,0.411472619881716
3299,0.769599797314865
3301,0.487886537034212
3302,0.306988228081186
3304,0.308765505550243
3306,0.468580996178963
3308,0.828302627943323
3313,0.878627263265903
3321,0.528375807298736
3326,0.644711124590626
3327,0.530456961083951
3332,0.093100668906603
3334,0.5648292045195
3336,0.146942106739491
3346,0.163599129012444
3347,0.624621884826717
3348,0.49329696117061
3351,0.185775306178972
3360,0.188305533611528
3366,0.537679938100986
3367,0.781821310257087
3369,0.306525665785998
3371,0.791458046380348
3372,0.828040581284341
3385,0.606664069933992
3389,0.39289308351944
3390,0.596129822359651
3392,0.397328258679244
3393,0.172513937680756
3394,0.513153379354409
3396,0.576232175298894
3412,0.682922171406481
3413,0.740414369485729
3420,0.272526298544731
3425,0.417195165626283
3427,0.406456676785221
3430,0.485046439913093
3432,0.617036913916496
3433,0.424947177216092
3434,0.755336526570145
3442,0.687849523056348
3447,0.198531159791449
3461,0.248662112342743
3462,0.356424326047547
3464,0.429059622924391
3471,0.821572620637577
3475,0.909441865997184
3476,0.607024462406396
3487,0.441994178449962
3488,0.824002702859053
3490,0.29259843645968
3498,0.767851113988341
3499,0.919237345266411
3500,0.693597836983929
3506,0.74196203707737
3511,0.563222599958317
3512,0.538240239896862
3514,0.725770751495819
3518,0.701466160604054
3523,0.481276503022679
3525,0.407978997148072
3533,0.638759049069756
3537,0.507368307219615
3543,0.563022749450191
3545,0.27992969919795
3550,0.690615460283491
3554,0.840596333662195
3555,0.557557662360871
3558,0.7788278904171
3559,0.465946861938442
3562,0.27936707214568
3564,0.767807234818942
3566,0.701568459173755
3567,0.694226697018716
3572,0.767783293992442
3573,0.26002233237548
3574,0.240679341540892
3576,0.713724690570514
3579,0.89014487725272
3588,0.946596946645945
3590,0.586961000963411
3592,0.782618825804085
3593,0.829137043157442
3594,0.473371739960793
3596,0.188870965495316
3601,0.707361253242961
3602,0.814916120600685
3604,0.149264503633927
3607,0.792641795092388
3613,0.163855324693469
3618,0.847080976204207
3621,0.556053437695444
3631,0.536606524970836
3641,0.781554029563609
3646,0.845127678262564
3657,0.443350699965206
3660,0.2461566305632
3665,0.58838543294694
3666,0.0828709652990764
3676,0.688087833947793
3680,0.585097216502798
3682,0.833435093358923
3695,0.685170096785725
3704,0.337607656883049
3707,0.673591034787206
3712,0.454084545463558
3713,0.384874726126031
3714,0.0938584848378206
3715,0.66499324112398
3719,0.238745661974066
3733,0.480451536469754
3735,0.431170390118845
3736,0.718732772885634
3737,0.74795516405687
3738,0.367016230923714
3743,0.673222397882981
3744,0.676543168082
3746,0.0947246793601376
3747,0.236805369055012
3749,0.877441346806704
3753,0.865754122707089
3758,0.380731971563175
3764,0.439793305259246
3767,0.169718959411111
3769,0.396075098456551
3781,0.247380504541255
3782,0.65309853615356
3784,0.369956028037021
3788,0.90158527780635
3793,0.420837869805443
3801,0.481408499017488
3805,0.376910681950398
3807,0.747715758840883
3808,0.565936480681395
3809,0.5689025839048
3810,0.853132590348184
3813,0.415983440607104
3816,0.423651975854176
3817,0.677423099994224
3820,0.594662638638265
3833,0.44766049510469
3835,0.465482231739786
3837,0.620622743348908
3839,0.816838133228196
3840,0.411744469858995
3843,0.529478229826881
3848,0.681337171457819
3850,0.647747279792167
3851,0.285132444125095
3859,0.499010995252767
3866,0.834512153247501
3870,0.646161474834577
3873,0.662958028771491
3881,0.334382662429191
3882,0.585808655095948
3889,0.466924340427389
3906,0.551239327040162
3908,0.528113871161513
3909,0.363853880295593
3910,0.908257911760828
3913,0.857422638383775
3915,0.721004338823011
3917,0.676135935694318
3922,0.430053683891414
3923,0.789100931051982
3924,0.718156902897493
3933,0.936162459378924
3935,0.236007307511301
3939,0.107210069473614
3960,0.781488716219398
3971,0.626139093155179
3976,0.224305915649888
3977,0.344097356945826
3987,0.112928090374693
3990,0.349163836079502
4005,0.352996946063198
4008,0.692838343193108
4009,0.945599022728595
4011,0.284100800294697
4012,0.69198894960521
4020,0.526421393229069
4021,0.289838453052566
4022,0.105145385591158
4027,0.722436426281404
4028,0.37350889411948
4030,0.458183949595595
4031,0.324334615439954
4035,0.193756167934687
4036,0.25081623709266
4037,0.532332913088574
4039,0.275018892964352
4044,0.586284406983494
4046,0.586418674476031
4054,0.304951563911675
4056,0.518607956006398
4059,0.476014390490688
4062,0.426787082471834
4064,0.616292764075717
4067,0.429813256274901
4072,0.42126894103501
4090,0.768985863621385
4095,0.382636904525734
4099,0.954633804615244
4102,0.68261170146543
4103,0.797165857426988
4105,0.0739224722918963
4110,0.466910588120228
4112,0.323915355916086
4114,0.71008597801094
4116,0.145534987313216
4117,0.0980106301696122
4118,0.655673163333625
4124,0.831054078001644
4126,0.6456394022068
4137,0.66963110280208
4141,0.527226060290598
4149,0.673468369309291
4150,0.86294504297965
4152,0.370329546010933
4158,0.600656655531787
4162,0.662304158954398
4163,0.528774987373691
4165,0.52657424562971
4167,0.656666947797328
4170,0.391838082995977
4173,0.869353853792123
4183,0.837402524312432
4188,0.572207868740576
4191,0.480517333971173
4192,0.298210960395954
4195,0.447642479048335
4199,0.450813639854388
4203,0.192753021121858
4208,0.660474565230075
4218,0.604461864737011
4231,0.54589683474527
4233,0.831019295327922
4234,0.823623758558695
4240,0.33710175133017
4247,0.749916359561563
4249,0.30289963693902
4254,0.898541533740763
4256,0.679799157628061
4258,0.498182200870791
4260,0.41313261293707
4262,0.638080544036126
4267,0.300638047069834
4280,0.144505826769943
4281,0.840755568910272
4282,0.501694642573501
4284,0.883500774670439
4285,0.819822497265326
4288,0.241780197210166
4300,0.407749225203144
4301,0.739935046366453
4302,0.0884714177650925
4303,0.32422672871709
4305,0.51065907848397
4308,0.326231656304772
4314,0.200008627358434
4315,0.790250734541744
4325,0.596252580088976
4327,0.842425485270363
4330,0.551854929854176
4334,0.626676337819084
4340,0.4083228648436
4347,0.357506833337509
4349,0.728297175117323
4362,0.429338889914065
4370,0.52898061043593
4372,0.340292561944685
4377,0.569930803524601
4379,0.859773354991438
4383,0.342537221694439
4392,0.753460484861727
4393,0.720168008302599
4394,0.408181414416569
4402,0.4169123835349
4406,0.342123232879351
4409,0.785050220778383
4411,0.45750756070579
4412,0.689403231099223
4418,0.902255309264282
4420,0.647619299459762
4422,0.703538848813507
4431,0.321627671608152
4433,0.202677540251291
4435,0.564268360899463
4445,0.621484288926063
4449,0.564686146029351
4451,0.551664055789499
4457,0.7634168777871
4458,0.240382357142334
4460,0.205324959346687
4462,0.506146049890229
4464,0.710233516831639
4466,0.259112554164117
4469,0.941665818566667
4472,0.297337467523933
4473,0.233159034746017
4475,0.26411270436791
4478,0.389970208192148
4481,0.480549355258489
4482,0.354510731461607
4484,0.469394250515475
4494,0.284724787855543
4496,0.673466927996689
4497,0.802367335405038
4507,0.645798522897454
4510,0.175796447311871
4513,0.197748824223292
4525,0.55964963096298
4530,0.796494208650129
4537,0.725368174855392
4542,0.371505481077932
4543,0.469724779876639
4544,0.687899434365553
4546,0.313425000226668
4547,0.721324042841034
4558,0.577079705456931
4568,0.607783421962889
4569,0.519357140206897
4572,0.205914281591377
4579,0.794748482923257
4580,0.31544328488432
4584,0.480989980178889
4586,0.590544276433769
4598,0.22778627443947
4602,0.638878606417402
4607,0.272271747337908
4610,0.570671340493455
4613,0.491756638862214
4620,0.336754329321519
4623,0.697104472805161
4626,0.743708968497025
4629,0.41832045712442
4631,0.250511633088503
4633,0.771573589569839
4634,0.789573187005532
4635,0.859662110182004
4638,0.321866384241383
4639,0.89605586305879
4641,0.463104684251699
4644,0.749861388173742
4646,0.558275172309435
4650,0.908155655618282
4658,0.0813142286089993
4661,0.90384113060525
4665,0.547428281183007
4672,0.64185319166373
4680,0.0659699144751194
4683,0.0606594248801938
4690,0.893388950478158
4693,0.860260798941129
4694,0.924818134240224
4695,0.492804532172777
4698,0.77776568961266
4699,0.516776525794604
4702,0.751628385697722
4710,0.541300965047504
4711,0.633666439897245
4715,0.496704258119739
4718,0.527929159650922
4734,0.746289906159665
4738,0.113073983368113
4740,0.480917762334636
4757,0.665168734070794
4759,0.723305743091058
4761,0.635677035333693
4768,0.10546525549443
4770,0.569273770293118
4773,0.849168672247181
4778,0.768569014109944
4782,0.111256931016466
4785,0.563983708991754
4787,0.392972740070875
4795,0.504793253187094
4797,0.643293555191762
4799,0.869761279086877
4803,0.27681930962921
4804,0.548366806827046
4805,0.767340411947009
4814,0.0927280686868057
4815,0.909887307716262
4821,0.86855153404854
4823,0.425634197787456
4824,0.624271469635679
4840,0.362341300484839
4842,0.80511363664173
4844,0.917112293571766
4848,0.371032714918524
4850,0.336893922537421
4851,0.539139690755084
4859,0.340735369224739
4861,0.852208850858994
4863,0.524535580611337
4865,0.36485904203036
4867,0.670592239320045
4870,0.821400802202867
4872,0.796694399148219
4874,0.328716611448043
4877,0.571128054563155
4883,0.563305471671073
4884,0.584988652255459
4885,0.767855081868677
4895,0.877216250788933
4901,0.811152800342101
4902,0.458119960802778
4903,0.690699128100523
4904,0.727481052050003
4905,0.85315019163935
4910,0.7918483054888
4915,0.628202041639868
4918,0.423011672111606
4920,0.183967902456269
4922,0.504029548313361
4924,0.278420724411301
4933,0.862994985952843
4934,0.624167484239281
4935,0.261543387785034
4939,0.284525178911806
4940,0.751253798674386
4943,0.601605385229481
4944,0.194458502900495
4946,0.557630738470584
4948,0.790054667642777
4950,0.285741628252582
4952,0.142247723064758
4955,0.800202469681347
4956,0.250562884934794
4961,0.896648501633305
4964,0.830688149443583
4967,0.709940978775967
4968,0.713155418274611
4969,0.921736158220235
4974,0.271568788404109
4978,0.799846549388529
4981,0.505997491772675
4989,0.68592505185586
4990,0.0943786230935004
4991,0.3771612168287
4993,0.645874586888214
4995,0.545251882722671
5001,0.518833963955453
5002,0.69120968440469
5008,0.782691359803632
5013,0.880479358091662
5019,0.300676384427174
5021,0.815040959854203
5022,0.28283312473658
5026,0.601504317976799
5034,0.52595244914671
5038,0.625815464675386
5040,0.607045263486347
5042,0.909993523966114
5047,0.53308340484287
5048,0.287568564893775
5054,0.336102181333233
5063,0.689637517341022
5064,0.30968284144486
5066,0.075006671299554
5070,0.807273064142905
5073,0.119174174144418
5074,0.517254322041821
5075,0.829712487293684
5077,0.499384747136971
5078,0.682498654720422
5080,0.62610695756393
5086,0.392720267398236
5090,0.811339368748896
5096,0.849492791219523
5097,0.305819327550357
5098,0.715290888126847
5100,0.298609859346207
5103,0.73113222557763
5107,0.584526950892703
5108,0.224769419309079
5114,0.629042800982559
5115,0.122503205119102
5133,0.644211841585426
5134,0.714158623319084
5137,0.86790621222594
5138,0.816671271379471
5143,0.824213117938774
5144,0.791500472149881
5159,0.857124360265873
5160,0.399934751197793
5161,0.112362809988267
5164,0.462674121021081
5165,0.827448102128876
5179,0.720980636266743
5182,0.570203017394131
5187,0.484964685498675
5188,0.365400343784245
5189,0.792418647736476
5194,0.249499128676631
5197,0.654363810405371
5198,0.905168910216824
5203,0.13499856669411
5206,0.236102593046453
5208,0.695217491162879
5216,0.56121540699257
5224,0.509647690049441
5226,0.487921591908659
5229,0.500002286934921
5236,0.848514819802206
5240,0.838770472185462
5242,0.677757019500798
5249,0.461487279782382
5250,0.237588024334739
5253,0.816425279108369
5255,0.40354384634751
5256,0.608518920957135
5260,0.656372601401946
5265,0.69398493172136
5266,0.317782671218434
5275,0.559221200703542
5276,0.630644196004312
5287,0.623334144290273
5293,0.566824340826398
5294,0.743673429629482
5295,0.632113905483071
5301,0.760931580598724
5304,0.358129034994299
5310,0.871792294814365
5313,0.336365946167751
5318,0.782192595992389
5332,0.619787091988572
5343,0.819236626277186
5347,0.461910413665395
5352,0.560210214647493
5355,0.730249442936454
5357,0.600092063972952
5359,0.233673694640618
5360,0.628407898876791
5374,0.577156936102573
5375,0.178113952499722
5383,0.806106191100057
5387,0.536270128160196
5392,0.847043295776399
5397,0.564636760858909
5399,0.351840063816562
5403,0.62522541967358
5413,0.649901461104891
5414,0.395115803429541
5419,0.709568273096359
5420,0.586872617401403
5423,0.538127647927222
5428,0.547872809854606
5430,0.730800890561304
5431,0.876370825168334
5432,0.765200046173978
5434,0.331411553768378
5436,0.685380209504771
5437,0.811422396684172
5445,0.678625453917812
5448,0.658479327539847
5453,0.558216452958348
5459,0.899838986834627
5461,0.870463135356022
5464,0.596790925913299
5465,0.228057757271446
5474,0.86380662536006
5479,0.294611872683558
5480,0.588409266212718
5486,0.661262194913104
5488,0.702994780316665
5490,0.811160700843132
5492,0.519110596663816
5496,0.25688938397984
5499,0.762229744446073
5500,0.837679244669415
5516,0.46379123547685
5522,0.727039166262571
5530,0.447884790079687
5531,0.879348389496556
5537,0.381887485012697
5538,0.14358801966891
5554,0.710171902335338
5556,0.500227729822465
5561,0.833355525038794
5562,0.844830842477705
5569,0.399406261471066
5573,0.880714958261773
5576,0.57077123769593
5581,0.476827884011488
5588,0.498305850409926
5592,0.716047508373498
5596,0.384505588583763
5600,0.909226652304267
5602,0.519799811096022
5603,0.388658005496923
5609,0.866304386336086
5612,0.498256930679456
5617,0.904857333960707
5620,0.585470992748738
5621,0.556728641296673
5623,0.397787969893584
5634,0.609376026017454
5639,0.920511443120872
5642,0.560384144126529
5643,0.109679879835108
5645,0.54124955786995
5648,0.18115999981385
5659,0.44745113856705
5664,0.602940997756222
5674,0.540416040542897
5676,0.148337431780587
5680,0.215098032725063
5681,0.59378569646601
5683,0.65211759678108
5690,0.773510488573724
5698,0.447157877768399
5706,0.858851445400424
5717,0.701531993007741
5721,0.572891412936674
5723,0.711791964918194
5726,0.453428585685864
5730,0.590518972650002
5736,0.48889294010575
5741,0.357956531141059
5748,0.32500400237612
5749,0.599620468182388
5750,0.4243228401499
5757,0.127576146058055
5761,0.786405141875595
5766,0.437887977605148
5779,0.605431307403815
5789,0.227986232271847
5791,0.702990217736054
5794,0.674510464358869
5797,0.215270868334234
5806,0.379524241481398
5811,0.748669009454805
5812,0.679910502156831
5814,0.61584915531073
5815,0.418099083410987
5816,0.423771796697711
5824,0.598397398182569
5826,0.14793745098703
5827,0.570448200892934
5843,0.93984280099932
5848,0.693036425681959
5859,0.490025058982549
5863,0.685773866582854
5864,0.518825794736333
5877,0.625169455123501
5880,0.318754474649093
5882,0.606795745089333
5886,0.557069930627124
5890,0.54304165417084
5891,0.599662879319695
5892,0.544722112886716
5900,0.319402820466703
5903,0.734287132084919
5907,0.63004970647273
5912,0.549406098150037
5914,0.837246645684431
5923,0.87039912922891
5930,0.677922005125934
5937,0.43896856661227
5938,0.384841111094732
5946,0.545990499183149
5948,0.695168716473123
5950,0.361550649256723
5952,0.600961494458775
5953,0.194772723265708
5956,0.784621807149094
5957,0.415171360523498
5960,0.674791066137843
5967,0.721613585798613
5969,0.541042376028717
5975,0.653491227652504
5976,0.164069467942315
5979,0.257542525361775
5986,0.524478866415069
5988,0.375556628937397
5989,0.619947910843334
5991,0.859918390718704
5993,0.641974147085926
5999,0.714328557030529
6009,0.55749142466418
6014,0.824999103894256
6015,0.476208829926184
6016,0.0979651241564932
6019,0.740028513573529
6036,0.646255409649125
6037,0.384917575910291
6038,0.462584820934933
6042,0.835030927832877
6048,0.64949796883985
6056,0.565386083501485
6058,0.291729629988089
6065,0.858159451578108
6067,0.792982244269022
6071,0.182818817910554
6072,0.61950746144143
6073,0.452377864544875
6079,0.629244317105212
6081,0.611757000407692
6090,0.668743308179717
6094,0.384908098365353
6099,0.329033194506379
6102,0.587539315343251
6105,0.442941077986477
6115,0.576324043127235
6118,0.381468788768333
6125,0.549563845072418
6128,0.696028739906948
6130,0.538968671612027
6131,0.736728667591469
6137,0.76257336852356
6162,0.231553038297459
6172,0.579070095378389
6179,0.490335936653215
6182,0.699136071138246
6184,0.724717131243792
6186,0.880236993285854
6187,0.252070497900634
6195,0.416346258695484
6196,0.860889117062839
6197,0.640307338645581
6200,0.394105757266399
6201,0.84981106146673
6205,0.274873530937318
6207,0.378273865444905
6208,0.656283659012375
6214,0.671377755136681
6215,0.80895564989847
6222,0.670575346007478
6223,0.745881834528627
6239,0.501548434248156
6241,0.147273027270917
6243,0.236142791957102
6245,0.468169307497791
6257,0.738303258930335
6258,0.596943938954678
6260,0.486754129789018
6264,0.934835165342821
6267,0.635379543188237
6283,0.900535134044947
6285,0.762486355863003
6289,0.630736493909371
6292,0.69500068800055
6293,0.877468129244764
6294,0.671625609224542
6297,0.386130564432642
6298,0.58010975522414
6299,0.678592075570876
6307,0.381417886536405
6308,0.748742217921609
6319,0.607206436864056
6321,0.773079159388393
6335,0.296132092653932
6341,0.789363571147212
6343,0.696492931214815
6348,0.51509743145288
6349,0.916742392962453
6353,0.69182615780994
6362,0.563034699596248
6363,0.888904679578039
6377,0.741251378770621
6378,0.693048070983083
6388,0.641535816013034
6389,0.543892569774207
6391,0.814699007311519
6392,0.461625570010603
6393,0.304878946815577
6394,0.775747339659117
6395,0.0979458073676499
6405,0.743125697986694
6408,0.81247608435128
6409,0.648162770431957
6412,0.434098235664763
6415,0.543333106839026
6421,0.473510726249416
6426,0.620379970087613
6428,0.852656012006403
6438,0.618294370173961
6439,0.0850365383358311
6440,0.915362103112559
6445,0.608858814798958
6447,0.69550421455209
6450,0.567677674397398
6451,0.62382982120057
6452,0.647555165654047
6458,0.396074734361154
6459,0.339370044485727
6461,0.494986859733493
6464,0.0824764697598778
6468,0.72313404203417
6477,0.804562648466951
6478,0.873987693557676
6479,0.866130517516682
6481,0.358961016315614
6494,0.625629547329975
6495,0.678611472929281
6497,0.739618717953395
6503,0.177978169680532
6504,0.836291287111754
6505,0.818570314013557
6513,0.57493559935894
6520,0.623283249556302
6521,0.136529260156751
6522,0.796906791235189
6524,0.782012113914563
6526,0.436524913439749
6527,0.243521296448038
6538,0.63796403376922
6541,0.161550208532165
6543,0.340220905473132
6546,0.550747516086567
6573,0.68025723891644
6578,0.448436827776006
6583,0.364593454478816
6584,0.281818770719901
6589,0.291635925373075
6592,0.905384124062095
6595,0.452889812061394
6597,0.569192711254175
6604,0.833630903890626
6606,0.594174261727378
6613,0.619961757474342
6619,0.526974113833592
6625,0.916110230232663
6626,0.765011708621986
6638,0.243557547411087
6639,0.213026958453263
6641,0.76858183331639
6645,0.5760487346871
6646,0.575466790478043
6651,0.574778498927121
6653,0.542454549946812
6662,0.728958317511062
6676,0.667315651287982
6684,0.688401989247753
6698,0.0764419140263829
6704,0.751501966984128
6709,0.866255267808625
6710,0.683332608973191
6714,0.895245353028808
6717,0.911666962553191
6718,0.349041142463333
6719,0.568556915291707
6722,0.784964646093467
6724,0.387909540661855
6739,0.85756446258516
6740,0.310171903859916
6753,0.646125721844498
6760,0.436778395249142
6768,0.795578930837599
6771,0.30039150409961
6774,0.223282637562359
6775,0.405168550669366
6780,0.347801023835825
6787,0.47044719894818
6788,0.608094177862532
6793,0.181867780267999
6794,0.734767330127404
6800,0.660537740579898
6805,0.670035809281937
6814,0.395824700133567
6822,0.821820190859598
6825,0.656247519501611
6828,0.136016123060505
6839,0.183848359454865
6841,0.652217832061453
6842,0.317723542743729
6843,0.293250414711829
6848,0.712595918023742
6851,0.421346028166394
6854,0.696574405494633
6878,0.491731588614411
6879,0.340604349921067
6881,0.436637079226996
6883,0.451095529005149
6886,0.646148271006776
6893,0.205536947217187
6898,0.552004614468805
6907,0.845488423043826
6911,0.527250222374257
6913,0.36782259700028
6924,0.716534857181561
6926,0.574124582185972
6927,0.351201669085902
6931,0.896747927174038
6933,0.495609739821001
6934,0.358262289098068
6937,0.503648469455669
6945,0.781791358158183
6954,0.843902925440471
6959,0.342837068345927
6966,0.185272324527853
6971,0.506858051552999
6973,0.738857204808892
6978,0.654465679467504
6989,0.617158829585115
6993,0.492657487567825
7006,0.687789519872221
7011,0.737970831503758
7014,0.673429938873755
7015,0.73545530274526
7025,0.675583734560809
7028,0.619501769958255
7037,0.553320218748771
7040,0.465753729139683
7041,0.636071271050476
7043,0.872418656143941
7045,0.449007916057804
7046,0.422877277494001
7054,0.712471063235574
7057,0.625605706489958
7058,0.791837494304611
7059,0.697867856547322
7069,0.714827338456515
7070,0.26700141056188
7078,0.688241352434932
7086,0.496631044672973
7090,0.809972994026659
7091,0.594193469657869
7094,0.260503977366089
7100,0.905167554523426
7109,0.510672872689546
7121,0.473718169527939
7130,0.586467672877238
7131,0.681684747487364
7132,0.374224203968969
7133,0.477319079374222
7148,0.791991291389263
7151,0.663479675207839
7155,0.559411083004811
7159,0.604560238551285
7165,0.549451036597028
7176,0.346251009798367
7182,0.673768035901325
7187,0.667265772660425
7189,0.438124894756173
7190,0.460758657365755
7194,0.317098829735662
7196,0.576323559073707
7197,0.825571107132691
7208,0.725053187266242
7212,0.826100517135929
7215,0.731817037090735
7217,0.346817935823158
7222,0.539938706064048
7223,0.514957116763655
7227,0.487644195753932
7230,0.660170339155205
7239,0.389295293924781
7266,0.712661129910118
7272,0.824425045650091
7273,0.548389812282113
7274,0.549222693490315
7280,0.534500050627336
7281,0.584391748786686
7284,0.552058155407771
7292,0.626191075366636
7293,0.495298259039993
7299,0.832905171175768
7302,0.340028734107905
7305,0.430552491852635
7310,0.20325568084239
7313,0.743698992210898
7317,0.567253647561986
7323,0.723690396726527
7326,0.335404346265041
7333,0.730217001156031
7335,0.389712174615389
7343,0.671628353921973
7344,0.319157564254448
7347,0.591567389118332
7353,0.809702178151046
7361,0.267184796765284
7366,0.579776688494919
7385,0.403062348268756
7386,0.821336237150362
7408,0.775624170473354
7411,0.405042101471697
7422,0.633070499248086
7437,0.556604878278178
7451,0.558167215821801
7453,0.904629027027467
7459,0.69878231672951
7537,0.750889741818299
7551,0.432611685844016
7559,0.19384513200531
7644,0.581508218390963
7653,0.633295235409561
7660,0.504948322153596
7662,0.838869086735322
7696,0.546758101712033
7702,0.456530258920462
7705,0.42862274748896
7707,0.610664203199985
7721,0.79141023908437
7727,0.460393284460178
7742,0.457266161051237
7764,0.566051024197295
7768,0.3879829284423
7795,0.545274324947719
7801,0.741742194098145
7805,0.155319143701872
7808,0.414296130521747
7811,0.792763446563047
7841,0.539620514965293
7848,0.653633589816011
7851,0.337631266977815
7853,0.767844713804312
7866,0.351377111304191
7868,0.59628941373183
7870,0.4134025881485
7872,0.808630845889411
7875,0.515455451572104
7880,0.668411845101995
7881,0.634045727539946
7901,0.382834058525832
7905,0.458764354389359
7909,0.527438206852149
7936,0.325844416549404
7938,0.514833638176021
7943,0.614675410500839
7946,0.369735872151089
7951,0.407942363284267
7990,0.625597931115827
7998,0.413899230934536
8011,0.572695851074565
8020,0.615769007433566
8025,0.438584798773842
8051,0.50461125185562
8061,0.407942363284267
8073,0.416857687174105
8075,0.44917758691862
8078,0.793947654025507
8087,0.688083850621543
8091,0.575841883797739
8099,0.825026119069336
8118,0.607867082473192
8121,0.424979074252707
8125,0.407942363284267
8146,0.393628497763997
8152,0.532656391416851
8153,0.592864015873105
8161,0.772925062734495
8165,0.502362183098183
8175,0.591355802595213
8188,0.628761281331707
8257,0.353916662179733
8266,0.772925062734495
8273,0.313605653082872
8293,0.727964139271239
8317,0.440298578624348
8331,0.556336046724255
8344,0.556336046724255
8353,0.749097512140458
8366,0.401524648833549
8374,0.478318895789609
8382,0.527619404373939
8386,0.564255973213904
8423,0.556336046724255
8456,0.434066633910373
8491,0.636042586726962
8503,0.517675719469362
8510,0.50889923397118
8511,0.390536117464652
8544,0.749097512140458
8556,0.786176106547262
8578,0.589603246957202
8609,0.597036463333004
8610,0.534315072400231
8614,0.418189633756874
8657,0.557754687784176
8658,0.621980407648828
8669,0.740431735453525
8677,0.637829133780069
8678,0.622359203440151
8682,0.507164576769196
8710,0.556336046724255
8731,0.388117280477065
8745,0.772925062734495
8749,0.407942363284267
8752,0.652276241646664
8772,0.673471843719972
8779,0.448736523596277
8792,0.327301492726565
8812,0.816542469086417
8825,0.53667857820001
8852,0.550261040438363
8866,0.532656391416851
8894,0.439946085164469
8906,0.650625560301556
8936,0.62879464076933
8938,0.621980407648828
8957,0.490948130140279
8961,0.566495789543666
8970,0.559513625541804
9005,0.540256132198229
9031,0.496154958286916
9050,0.616184137144983
9051,0.559376873625743
9052,0.652276241646664
9066,0.652276241646664
9076,0.630314550149805
9090,0.621980407648828
9216,0.517597154742549
